{"type":"FeatureCollection", "features": [
{"type":"Feature","geometry":{"type":"Point","coordinates":[114.60645268378133,30.460757887271352]},"properties":{"Id":0,"mc":"湖北省氢能制造业创新中心"}},
{"type":"Feature","geometry":{"type":"Point","coordinates":[114.6130675405942,30.45973085698103]},"properties":{"Id":0,"mc":"至善桥"}},
{"type":"Feature","geometry":{"type":"Point","coordinates":[114.60817510991144,30.461765408791397]},"properties":{"Id":0,"mc":"米哆便利店"}},
{"type":"Feature","geometry":{"type":"Point","coordinates":[114.6084710732114,30.46235126245652]},"properties":{"Id":0,"mc":"百味超市"}},
{"type":"Feature","geometry":{"type":"Point","coordinates":[114.60817529140769,30.462038429501707]},"properties":{"Id":0,"mc":"武汉颐庭酒店"}},
{"type":"Feature","geometry":{"type":"Point","coordinates":[114.60885253648468,30.4623530406279]},"properties":{"Id":0,"mc":"锦程五金"}},
{"type":"Feature","geometry":{"type":"Point","coordinates":[114.6081858054992,30.461176273997275]},"properties":{"Id":0,"mc":"武汉格罗夫氢能汽车有限公司"}},
{"type":"Feature","geometry":{"type":"Point","coordinates":[114.60930029920007,30.46117627399726]},"properties":{"Id":0,"mc":"经济管理学院"}},
{"type":"Feature","geometry":{"type":"Point","coordinates":[114.61106031448247,30.46110581920601]},"properties":{"Id":0,"mc":"材料与化学学院"}},
{"type":"Feature","geometry":{"type":"Point","coordinates":[114.61322205533607,30.463142409111036]},"properties":{"Id":0,"mc":"鸡蛋灌饼"}},
{"type":"Feature","geometry":{"type":"Point","coordinates":[114.61367416127132,30.46219614087447]},"properties":{"Id":0,"mc":"计算机学院"}},
{"type":"Feature","geometry":{"type":"Point","coordinates":[114.61455734495878,30.462217169057514]},"properties":{"Id":0,"mc":"地理与信息工程学院"}},
{"type":"Feature","geometry":{"type":"Point","coordinates":[114.61534088465685,30.462025618862132]},"properties":{"Id":0,"mc":"1号篮球场"}},
{"type":"Feature","geometry":{"type":"Point","coordinates":[114.61364261899678,30.461312957187]},"properties":{"Id":0,"mc":"公教二号楼（宗道楼）"}},
{"type":"Feature","geometry":{"type":"Point","coordinates":[114.61368467536283,30.460324632584364]},"properties":{"Id":0,"mc":"公教1号楼"}},
{"type":"Feature","geometry":{"type":"Point","coordinates":[114.61594886072794,30.460473707030793]},"properties":{"Id":0,"mc":"体育馆"}},
{"type":"Feature","geometry":{"type":"Point","coordinates":[114.61673465116473,30.460647358363463]},"properties":{"Id":0,"mc":"游泳馆"}},
{"type":"Feature","geometry":{"type":"Point","coordinates":[114.61672324781135,30.459674607362384]},"properties":{"Id":0,"mc":"京东快递"}},
{"type":"Feature","geometry":{"type":"Point","coordinates":[114.6151116878696,30.45973770957791]},"properties":{"Id":0,"mc":"露天剧场"}},
{"type":"Feature","geometry":{"type":"Point","coordinates":[114.6165439885111,30.45910064336599]},"properties":{"Id":0,"mc":"美宜佳"}},
{"type":"Feature","geometry":{"type":"Point","coordinates":[114.6165985845765,30.458542748376132]},"properties":{"Id":0,"mc":"四季鲜果"}},
{"type":"Feature","geometry":{"type":"Point","coordinates":[114.61615454469562,30.457850319496384]},"properties":{"Id":0,"mc":"2号篮球场"}},
{"type":"Feature","geometry":{"type":"Point","coordinates":[114.61508237587866,30.458113767351826]},"properties":{"Id":0,"mc":"未来生活"}},
{"type":"Feature","geometry":{"type":"Point","coordinates":[114.61350553513078,30.457709631596458]},"properties":{"Id":0,"mc":"迪儿花艺"}},
{"type":"Feature","geometry":{"type":"Point","coordinates":[114.61366460669994,30.457940196787824]},"properties":{"Id":0,"mc":"鲜果先森"}},
{"type":"Feature","geometry":{"type":"Point","coordinates":[114.6133683325973,30.458170197905453]},"properties":{"Id":0,"mc":"蜜雪冰城"}},
{"type":"Feature","geometry":{"type":"Point","coordinates":[114.61299074532269,30.457569940606795]},"properties":{"Id":0,"mc":"图书馆"}},
{"type":"Feature","geometry":{"type":"Point","coordinates":[114.61161339933392,30.45825335655542]},"properties":{"Id":0,"mc":"学生宿舍一组团"}},
{"type":"Feature","geometry":{"type":"Point","coordinates":[114.61051993381608,30.458526722934888]},"properties":{"Id":0,"mc":"学生满足风味食堂（二食堂）"}},
{"type":"Feature","geometry":{"type":"Point","coordinates":[114.61050841417976,30.460232027877346]},"properties":{"Id":0,"mc":"环境学院"}},
{"type":"Feature","geometry":{"type":"Point","coordinates":[114.60974132794578,30.460103831823506]},"properties":{"Id":0,"mc":"大气实验室"}},
{"type":"Feature","geometry":{"type":"Point","coordinates":[114.6122599575784,30.462573453504195]},"properties":{"Id":0,"mc":"校门壁画"}},
{"type":"Feature","geometry":{"type":"Point","coordinates":[114.61221173034065,30.461862953865012]},"properties":{"Id":0,"mc":"自助补卡机"}},
{"type":"Feature","geometry":{"type":"Point","coordinates":[114.61300125941419,30.46027206212678]},"properties":{"Id":0,"mc":"中国地质大学校歌碑刻"}},
{"type":"Feature","geometry":{"type":"Point","coordinates":[114.6168248956427,30.459536915967934]},"properties":{"Id":0,"mc":"顺丰快递"}},
{"type":"Feature","geometry":{"type":"Point","coordinates":[114.61590314867301,30.45959916026966]},"properties":{"Id":0,"mc":"掉渣饼"}},
{"type":"Feature","geometry":{"type":"Point","coordinates":[114.61591366276454,30.459788413916975]},"properties":{"Id":0,"mc":"卓远食堂教工食堂"}},
{"type":"Feature","geometry":{"type":"Point","coordinates":[114.61538795818866,30.45873700476523]},"properties":{"Id":0,"mc":"学生宿舍三组团"}},
{"type":"Feature","geometry":{"type":"Point","coordinates":[114.61518203459612,30.457745849097304]},"properties":{"Id":0,"mc":"旦凡数码"}},
{"type":"Feature","geometry":{"type":"Point","coordinates":[114.61515049232158,30.45798767318313]},"properties":{"Id":0,"mc":"中百森罗"}},
{"type":"Feature","geometry":{"type":"Point","coordinates":[114.61518203459612,30.45747248273939]},"properties":{"Id":0,"mc":"吾饮良品"}},
{"type":"Feature","geometry":{"type":"Point","coordinates":[114.60606701552791,30.46318595575644]},"properties":{"Id":0,"mc":"胖哥面馆"}},
{"type":"Feature","geometry":{"type":"Point","coordinates":[114.6081596306933,30.462800623852967]},"properties":{"Id":0,"mc":"明安驾校"}},
{"type":"Feature","geometry":{"type":"Point","coordinates":[114.60759132526266,30.463432106730863]},"properties":{"Id":0,"mc":"清华同方武汉项目中心"}},
{"type":"Feature","geometry":{"type":"Point","coordinates":[114.60786256656107,30.460545890368174]},"properties":{"Id":0,"mc":"武汉美佳源工程有限公司"}},
{"type":"Feature","geometry":{"type":"Point","coordinates":[114.60622695977668,30.4612063096481]},"properties":{"Id":0,"mc":"资环工研院"}},
{"type":"Feature","geometry":{"type":"Point","coordinates":[114.6078650849113,30.46220325747344]},"properties":{"Id":0,"mc":"锦城五金建材"}},
{"type":"Feature","geometry":{"type":"Point","coordinates":[114.60744231288221,30.461364018962595]},"properties":{"Id":0,"mc":"武汉泰歌氢能汽车有限公司"}},
{"type":"Feature","geometry":{"type":"Point","coordinates":[114.60773465894718,30.460915345878725]},"properties":{"Id":0,"mc":"武汉重点检测技术有限公司"}},
{"type":"Feature","geometry":{"type":"Point","coordinates":[114.61633242599407,30.46194483242004]},"properties":{"Id":0,"mc":"操场"}},
{"type":"Feature","geometry":{"type":"Point","coordinates":[114.61111535597287,30.458155269512297]},"properties":{"Id":0,"mc":"警务室"}},
{"type":"Feature","geometry":{"type":"Point","coordinates":[114.61151109271937,30.457709654862608]},"properties":{"Id":0,"mc":"2号楼"}},
{"type":"Feature","geometry":{"type":"Point","coordinates":[114.61240952208976,30.45752833521489]},"properties":{"Id":0,"mc":"5号楼"}},
{"type":"Feature","geometry":{"type":"Point","coordinates":[114.61276960687708,30.458216733441986]},"properties":{"Id":0,"mc":"中国联通"}},
{"type":"Feature","geometry":{"type":"Point","coordinates":[114.6127909980526,30.45796473108392]},"properties":{"Id":0,"mc":"中商超市"}},
{"type":"Feature","geometry":{"type":"Point","coordinates":[114.61271256374246,30.457737313762262]},"properties":{"Id":0,"mc":"枚尚杂货店"}},
{"type":"Feature","geometry":{"type":"Point","coordinates":[114.61361099311287,30.45778648512003]},"properties":{"Id":0,"mc":"黄蜀郎鸡公煲"}},
{"type":"Feature","geometry":{"type":"Point","coordinates":[114.614242626989,30.457714264679762]},"properties":{"Id":0,"mc":"顺丰"}},
{"type":"Feature","geometry":{"type":"Point","coordinates":[114.61401683124775,30.458392929825497]},"properties":{"Id":0,"mc":"各学院活动室"}},
{"type":"Feature","geometry":{"type":"Point","coordinates":[114.61431987290048,30.458252075183996]},"properties":{"Id":0,"mc":"未来生活"}},
{"type":"Feature","geometry":{"type":"Point","coordinates":[114.61467639249193,30.458019024329964]},"properties":{"Id":0,"mc":"学生宿舍二组团"}}
]}